Job ID,Job URL,Job Title,Company Name,Status,Timestamp,WP ID
bd02fc48378519f6,https://ag.linkedin.com/jobs/view/general-manager-at-secureworld-corporation-4436771894,General Manager,,scraped,2026-07-06T23:49:53.997551,
02e2f856573845e3,https://ag.linkedin.com/jobs/view/social-media-coordinator-at-brydens-antigua-4437435330,Social Media Coordinator,Brydens Antigua,posted,2026-07-06T23:50:16.064889,19
fc6bcd5a017621a1,https://ag.linkedin.com/jobs/view/brand-manager-at-brydens-antigua-4436110328,Brand Manager,Brydens Antigua,posted,2026-07-06T23:50:29.184943,21
0ce444d9865a7ba7,https://ag.linkedin.com/jobs/view/remote-customer-support-associate-work-from-home-flexible-schedule-at-sight-sea-travel-4435796581,Remote Customer Support Associate (Work From Home | Flexible Schedule),Sight Sea Travel,posted,2026-07-06T23:50:38.814088,23
9793de15c6f59691,https://ag.linkedin.com/jobs/view/associate-attorney-at-cunningham-law-caribbean-4435888480,Associate Attorney,,scraped,2026-07-06T23:50:41.283776,
a8caf0bc3ef80230,https://ag.linkedin.com/jobs/view/brand-manager-brewery-wines-spirits-at-anjo-wholesale-4436751646,"Brand Manager - Brewery, Wines & Spirits",Anjo Wholesale,posted,2026-07-06T23:50:57.734318,25
c06a95ad02ee7841,https://ag.linkedin.com/jobs/view/food-beverage-supervisor-at-jumby-bay-island-4429890044,Food & Beverage Supervisor,Jumby Bay Island,posted,2026-07-06T23:51:11.317427,27
a187024e57e7f84d,https://ag.linkedin.com/jobs/view/service-support-administrator-at-lyreco-group-4435103049,Service Support Administrator,,scraped,2026-07-06T23:51:13.806479,
67a20ef9b793d1b1,https://ag.linkedin.com/jobs/view/independent-travel-agent-at-luxe-sola-travel-4437102998,Independent Travel Agent,Luxe Sola Travel,posted,2026-07-06T23:51:27.116865,29
0d655e2236efdf87,https://ag.linkedin.com/jobs/view/restaurant-manager-at-jumby-bay-island-4433119923,Restaurant Manager,Jumby Bay Island,posted,2026-07-06T23:51:38.989611,31
a3ffa195264c613f,https://ag.linkedin.com/jobs/view/client-services-representative-remote-at-aspire-talent-agency-4436882725,Client Services Representative (Remote),Aspire Talent Agency,posted,2026-07-08T09:17:31.993397,48
a2560fec876b7fea,https://ag.linkedin.com/jobs/view/reservations-agent-at-jumby-bay-island-4435614206,Reservations Agent,Jumby Bay Island,posted,2026-07-09T10:34:24.730530,50
7b9fc43f6963e9c9,https://ag.linkedin.com/jobs/view/deputy-chief-executive-officer-deputy-ceo-at-thehivecareers-4437930832,Deputy Chief Executive Officer (Deputy CEO),TheHiveCareers,posted,2026-07-10T11:24:56.629827,52
0891f490517098ec,https://ag.linkedin.com/jobs/view/bdr-sales-executive-a-b-remote-at-core-code-io-4438382712,BDR - Sales Executive A&B (Remote),Core Code io,posted,2026-07-11T15:36:19.058327,54
a295bac571f8247e,https://ag.linkedin.com/jobs/view/hotel-manager-at-royalton-hotels-resorts-4439559986,Hotel Manager,Royalton Hotels &amp; Resorts,posted,2026-07-11T18:39:21.481375,56
27a55a1f99e234d9,https://ag.linkedin.com/jobs/view/procurement-manager-at-confidential-4439726311,Procurement Manager,Confidential,posted,2026-07-13T20:04:32.133970,58
110472a749210c0e,https://ag.linkedin.com/jobs/view/technical-engineering-manager-at-confidential-4439706980,Technical Engineering Manager,Confidential,posted,2026-07-13T20:04:53.036902,60
709773add7a29bca,https://ag.linkedin.com/jobs/view/merchandiser-at-brydens-antigua-4441630571,Merchandiser,Brydens Antigua,posted,2026-07-20T20:46:38.696733,62
561b7a085f829f8f,https://ag.linkedin.com/jobs/view/superintendent-at-discovery-land-company-4432047757,Superintendent,Discovery Land Company,posted,2026-07-20T20:46:48.992921,64
8d03f6f293ca39f2,https://ag.linkedin.com/jobs/view/project-manager-at-discovery-land-company-4432045758,Project Manager,Discovery Land Company,posted,2026-07-20T20:46:58.263857,66
da4f9ca49db50a57,https://ag.linkedin.com/jobs/view/vip-host-at-yellow-social-interactive-4440559349,VIP Host,,scraped,2026-07-20T20:47:00.754189,
d29b89d97f289e85,https://ag.linkedin.com/jobs/view/sales-associate-at-brydens-antigua-4441638533,Sales Associate,Brydens Antigua,posted,2026-07-20T20:47:18.399522,68
9f881f03f5f03454,https://ag.linkedin.com/jobs/view/mystic-coach-at-lifttalk-com-4442722968,Mystic Coach,,scraped,2026-07-20T20:47:20.936722,
560fb04aa2fdbb3a,https://ag.linkedin.com/jobs/view/relief-multi-drop-delivery-driver-at-lyreco-group-4442122823,Relief Multi-Drop Delivery Driver,,scraped,2026-07-20T20:47:27.872663,
7158db3a5b271802,https://ag.linkedin.com/jobs/view/relationship-coach-at-lifttalk-com-4442738335,Relationship Coach,,scraped,2026-07-20T20:47:34.199390,
4c97d343f1f576ad,https://ag.linkedin.com/jobs/view/computational-linguist-freelance-at-telus-digital-ai-data-solutions-4442751116,Computational Linguist - Freelance,TELUS Digital AI Data Solutions,posted,2026-07-20T20:47:46.350583,70
048497fd8547e3d5,https://ag.linkedin.com/jobs/view/dynamics-365-sales-functional-consultant-at-live-d365-4442725904,Dynamics 365 Sales Functional Consultant,,scraped,2026-07-20T20:47:49.136485,
